# Selected Columns of TblUser and TblStudent

```sql
MariaDB [sms]> select UserId, RegnNo, ModeId, Name, Gender, ReligionId, CommunityId, IS_Active, Modified_by, Modified_date from TblStudent where RegnNo='912518106010';
+--------+--------------+--------+---------------+--------+------------+-------------+-----------+-------------+---------------------+
| UserId | RegnNo       | ModeId | Name          | Gender | ReligionId | CommunityId | IS_Active | Modified_by | Modified_date       |
+--------+--------------+--------+---------------+--------+------------+-------------+-----------+-------------+---------------------+
|     11 | 912518106010 |      2 | Manimegalai C | F      |          1 |        NULL | N         | hod.ece     | 2022-08-17 21:21:28 |
+--------+--------------+--------+---------------+--------+------------+-------------+-----------+-------------+---------------------+
1 row in set (0.00 sec)

MariaDB [sms]> select * from TblUser where UserId='912518106010';
+----+--------------+--------------+-----------+---------------------+------------+---------------------+-------------+
| Id | UserId       | Password     | IS_ACTIVE | CREATED_DATE        | CREATED_BY | MODIFIED_DATE       | MODIFIED_BY |
+----+--------------+--------------+-----------+---------------------+------------+---------------------+-------------+
| 11 | 912518106010 | 912518106010 | N         | 2022-08-17 21:17:38 | SYSTEM     | 2022-08-17 21:21:28 | NULL        |
+----+--------------+--------------+-----------+---------------------+------------+---------------------+-------------+
1 row in set (0.00 sec)

MariaDB [sms]>
```
